City_ID,City,Country,Lat,Lng,Max Temp,Humidity,Cloudiness,Wind Speed,Current Description
0,Saldanha,ZA,-33.0117,17.9442,50.05,74,0,24.63,clear sky
1,Estelle,US,29.8458,-90.1067,86.0,72,98,1.99,overcast clouds
2,Punta Arenas,CL,-53.15,-70.9167,44.71,57,0,34.52,clear sky
3,Atuona,PF,-9.8,-139.0333,77.81,75,14,17.49,few clouds
4,Geraldton,AU,-28.7667,114.6,48.61,87,40,9.22,scattered clouds
5,Cidreira,BR,-30.1811,-50.2056,64.06,94,100,14.61,overcast clouds
6,Saint Paul Harbor,US,57.79,-152.4072,42.66,49,1,7.4,clear sky
7,Lake Charles,US,30.2131,-93.2044,87.78,63,40,0.0,scattered clouds
8,Esperance,AU,-33.8667,121.9,42.64,71,45,11.12,scattered clouds
9,Aden,YE,12.7794,45.0367,88.0,62,67,8.25,broken clouds
10,Kiryat Gat,IL,31.61,34.7642,74.08,68,38,6.2,scattered clouds
11,Bluff,NZ,-46.6,168.3333,47.8,81,100,24.25,overcast clouds
12,Beringovskiy,RU,63.05,179.3167,38.89,99,100,6.89,light rain
13,Beirut,LB,33.8889,35.4944,75.94,65,75,3.44,broken clouds
14,Longyearbyen,SJ,78.2186,15.6401,37.24,93,75,4.61,broken clouds
15,Cape Town,ZA,-33.9258,18.4232,56.08,60,20,10.36,few clouds
16,Ushuaia,AR,-54.8,-68.3,40.66,75,75,36.82,light rain
17,Jamestown,US,42.097,-79.2353,68.02,97,90,5.01,overcast clouds
18,Marquette,US,46.5333,-87.6335,62.04,96,100,5.53,overcast clouds
19,Tuktoyaktuk,CA,69.4541,-133.0374,33.8,100,90,16.11,light intensity drizzle
20,Cabedelo,BR,-6.9811,-34.8339,79.47,79,4,10.94,clear sky
21,Bredasdorp,ZA,-34.5322,20.0403,49.32,87,61,3.44,broken clouds
22,Busselton,AU,-33.65,115.3333,54.1,67,97,6.87,overcast clouds
23,Port Alfred,ZA,-33.5906,26.891,55.13,77,29,7.52,light rain
24,Wattegama,LK,6.7989,81.4808,77.92,92,100,2.64,light rain
25,Half Moon Bay,US,37.4636,-122.4286,97.25,48,1,5.75,clear sky
26,Araouane,ML,18.9048,-3.5265,95.99,12,96,7.94,overcast clouds
27,Fortuna,US,40.5982,-124.1573,68.94,71,40,1.99,scattered clouds
28,Guerrero Negro,MX,27.9769,-114.0611,85.46,42,81,10.78,broken clouds
29,Hobart,AU,-42.8794,147.3294,57.02,93,75,4.61,broken clouds
30,Clyde River,CA,70.4692,-68.5914,35.58,85,93,1.32,overcast clouds
31,Castro,BR,-24.7911,-50.0119,62.67,99,100,3.24,heavy intensity rain
32,Rikitea,PF,-23.1203,-134.9692,73.69,63,79,15.79,broken clouds
33,Saint-Philippe,RE,-21.3585,55.7679,72.99,84,48,14.12,light rain
34,Codrington,AU,-38.2667,141.9667,50.45,84,58,19.55,broken clouds
35,Gizo Government Station,SB,-8.103,156.8419,83.25,75,12,5.57,few clouds
36,Beloha,MG,-25.1667,45.05,71.44,75,5,2.53,clear sky
37,Zhuhai,CN,22.2769,113.5678,84.06,79,20,10.36,light rain
38,Vitim,RU,59.4511,112.5578,31.21,98,100,3.4,light snow
39,Puerto El Triunfo,SV,13.2833,-88.55,94.12,79,34,5.06,scattered clouds
40,New Norfolk,AU,-42.7826,147.0587,54.75,85,63,2.55,broken clouds
41,Usinsk,RU,65.9939,57.5281,30.7,80,36,9.73,scattered clouds
42,Mar del Plata,AR,-38.0023,-57.5575,53.62,56,40,18.01,scattered clouds
43,Miracema do Tocantins,BR,-9.5618,-48.3967,88.45,40,58,4.76,broken clouds
44,Saint George,US,37.1041,-113.5841,90.95,16,1,1.99,clear sky
45,Asău,RO,46.4333,26.4,47.75,90,20,2.68,few clouds
46,Vaitape,PF,-16.5167,-151.75,78.78,72,34,9.64,scattered clouds
47,Alakurtti,RU,66.9672,30.3491,48.63,96,100,5.23,overcast clouds
48,San Vicente,AR,-26.6167,-54.1333,64.35,100,93,0.92,light rain
49,Tazovsky,RU,67.4667,78.7,32.79,90,100,9.6,overcast clouds
50,Albany,US,42.6001,-73.9662,64.09,91,100,2.08,overcast clouds
51,Malanje,AO,-9.5402,16.341,69.96,61,98,7.31,overcast clouds
52,Monrovia,LR,6.3005,-10.7969,78.42,87,81,5.23,broken clouds
53,Kruisfontein,ZA,-34.0033,24.7314,51.89,79,34,5.88,scattered clouds
54,Airai,TL,-8.9266,125.4092,61.43,57,11,1.3,few clouds
55,Hilo,US,19.7297,-155.09,80.8,69,90,6.91,overcast clouds
56,Cuenca,EC,-2.8833,-78.9833,71.73,43,40,13.8,light rain
57,Lima,PE,-12.0432,-77.0282,61.14,74,90,1.99,overcast clouds
58,Lynchburg,US,37.4138,-79.1423,83.68,74,75,6.91,broken clouds
59,Bethel,US,41.3712,-73.414,73.02,77,90,3.44,overcast clouds
60,Saint Anthony,US,45.0205,-93.218,73.89,56,1,4.0,clear sky
61,Tura,IN,25.5198,90.2201,70.75,98,80,3.98,broken clouds
62,Comodoro Rivadavia,AR,-45.8667,-67.5,60.66,29,40,23.02,scattered clouds
63,Khatanga,RU,71.9667,102.5,19.26,93,99,12.68,overcast clouds
64,Pundaguitan,PH,6.3711,126.1689,80.98,78,100,3.33,overcast clouds
65,Hithadhoo,MV,-0.6,73.0833,82.96,77,77,19.06,broken clouds
66,Tasiilaq,GL,65.6145,-37.6368,37.56,54,0,5.7,clear sky
67,Homer,US,59.6425,-151.5483,45.09,60,1,6.91,clear sky
68,Kaitangata,NZ,-46.2817,169.8464,49.93,78,100,15.01,overcast clouds
69,San Pawl il-Baħar,MT,35.9506,14.4156,71.06,78,20,4.61,few clouds
70,La Santisima Trinidad,BO,-14.8333,-64.9,96.78,49,20,6.91,few clouds
71,Raton,US,36.9034,-104.4391,70.14,48,75,8.05,broken clouds
72,Ahipara,NZ,-35.1667,173.1667,60.84,97,90,8.48,overcast clouds
73,Sangerhausen,DE,51.4667,11.3,65.03,72,100,15.37,overcast clouds
74,Upernavik,GL,72.7868,-56.1549,30.56,88,99,4.68,overcast clouds
75,Nāzirā,IN,26.9167,94.7333,73.65,98,93,1.12,overcast clouds
76,Ponta do Sol,PT,32.6667,-17.1,75.0,78,100,5.73,overcast clouds
77,Vaini,TO,-21.2,-175.2,75.36,88,90,10.36,overcast clouds
78,Gamba,GA,-2.65,10.0,76.05,83,100,6.98,overcast clouds
79,Ghanzi,BW,-21.5667,21.7833,60.13,13,0,9.6,clear sky
80,Salym,RU,60.0625,71.4789,28.31,95,98,7.0,overcast clouds
81,Yellowknife,CA,62.456,-114.3525,52.41,46,40,13.8,scattered clouds
82,Ostrovnoy,RU,68.0531,39.5131,44.29,85,18,21.61,few clouds
83,Barrow,US,71.2906,-156.7887,28.42,86,90,16.11,mist
84,Puerto Ayora,EC,-0.7393,-90.3518,76.96,79,31,11.48,scattered clouds
85,Palana,RU,59.1167,159.9667,36.99,92,100,32.55,light rain
86,Avarua,CK,-21.2078,-159.775,78.85,65,75,9.22,broken clouds
87,Nome,US,64.5011,-165.4064,34.16,60,1,9.22,clear sky
88,Kapaa,US,22.0752,-159.319,80.58,91,90,13.8,moderate rain
89,Carbondale,US,37.7273,-89.2168,76.89,76,75,8.05,broken clouds
90,Gaza,PS,31.5,34.4667,75.18,62,100,8.5,overcast clouds
91,Tuatapere,NZ,-46.1333,167.6833,47.82,90,100,3.42,overcast clouds
92,Severo-Kuril'sk,RU,50.6789,156.125,47.73,77,78,32.19,broken clouds
93,Algiers,DZ,36.7525,3.042,73.09,63,17,3.42,few clouds
94,Pijijiapan,MX,15.7011,-93.23,85.46,73,65,4.63,broken clouds
95,Nikolskoye,RU,59.7035,30.7861,46.4,91,0,6.96,clear sky
96,Lüderitz,NA,-26.6481,15.1594,57.56,57,89,21.27,overcast clouds
97,Buala,SB,-8.145,159.5921,82.62,77,52,3.22,light rain
98,Taoudenni,ML,22.6783,-3.9836,95.77,9,69,10.25,broken clouds
99,Arrondissement du Havre,FR,49.5833,0.3333,52.57,84,6,11.52,clear sky
100,Kjøllefjord,NO,70.9457,27.3465,53.38,73,97,31.52,overcast clouds
101,Kyra,RU,49.5776,111.9753,29.68,88,66,3.96,broken clouds
102,Mataura,NZ,-46.1927,168.8643,47.48,83,100,8.55,overcast clouds
103,Hermanus,ZA,-34.4187,19.2345,53.91,71,60,9.71,light rain
104,Vardø,NO,70.3705,31.1107,51.55,78,98,27.76,overcast clouds
105,Nizhniy Kuranakh,RU,58.8353,125.4869,19.53,97,39,3.27,scattered clouds
106,Marihatag,PH,8.7936,126.2969,75.92,90,100,5.01,overcast clouds
107,Jumla,NP,29.2747,82.1838,52.97,89,44,3.02,scattered clouds
108,Erbil,IQ,36.1926,44.0106,76.82,22,0,3.44,clear sky
109,Bayonet Point,US,28.3267,-82.6834,88.99,75,100,1.99,overcast clouds
110,Oporapa,CO,2.0502,-75.9768,69.1,89,42,2.82,scattered clouds
111,Hemnesberget,NO,66.2333,13.6333,59.11,92,100,13.31,moderate rain
112,Marsabit,KE,2.3284,37.9899,70.47,54,100,12.21,overcast clouds
113,Saint-Louis,SN,16.3333,-15.0,91.04,36,64,8.72,broken clouds
114,Srednekolymsk,RU,67.45,153.6833,23.43,90,98,4.07,overcast clouds
115,Coyhaique,CL,-45.5752,-72.0662,49.95,53,75,4.61,broken clouds
116,Gorontalo,ID,0.5412,123.0595,75.81,93,100,3.31,overcast clouds
117,Kavaratti,IN,10.5669,72.642,81.41,79,100,10.87,light rain
118,Katsuura,JP,35.1333,140.3,69.91,77,4,8.61,clear sky
119,Lewistown,US,40.5992,-77.5714,74.82,91,86,2.77,overcast clouds
120,Waitati,NZ,-45.75,170.5667,46.42,95,100,9.62,light rain
121,Pangnirtung,CA,66.1451,-65.7125,37.29,72,85,1.81,overcast clouds
122,Isangel,VU,-19.55,169.2667,80.71,89,75,2.3,broken clouds
123,Beira,MZ,-19.8436,34.8389,78.89,89,75,4.61,broken clouds
124,Tucuruí,BR,-3.7661,-49.6725,81.45,71,99,1.03,overcast clouds
125,Carnarvon,AU,-24.8667,113.6333,59.07,82,0,9.22,clear sky
126,Haines Junction,CA,60.7522,-137.5108,37.35,65,100,12.66,light rain
127,Bandarbeyla,SO,9.4942,50.8122,78.78,81,75,22.01,broken clouds
128,Senneterre,CA,48.3835,-77.2328,62.82,66,12,4.32,few clouds
129,East London,ZA,-33.0153,27.9116,57.22,71,44,5.23,light rain
130,Puerto Escondido,MX,15.85,-97.0667,88.63,55,75,8.05,broken clouds
131,Hengshui,CN,37.7322,115.7011,60.69,77,100,13.89,overcast clouds
132,Meulaboh,ID,4.1363,96.1285,74.55,87,65,4.56,broken clouds
133,Waldoboro,US,44.0954,-69.3756,56.08,93,97,2.46,overcast clouds
134,Anantapur,IN,14.6833,77.6,79.34,72,18,5.01,few clouds
135,Bengkulu,ID,-3.8004,102.2655,74.28,91,97,3.47,overcast clouds
136,Hong Kong,HK,22.2855,114.1577,84.33,81,88,1.01,overcast clouds
137,Ous,RU,60.9058,61.5186,26.91,92,12,4.12,few clouds
138,Bijie,CN,27.3125,105.2942,64.0,87,49,12.19,scattered clouds
139,Te Anau,NZ,-45.4167,167.7167,46.76,97,100,2.04,overcast clouds
140,Qaanaaq,GL,77.484,-69.3632,29.25,96,100,7.0,overcast clouds
141,Itarema,BR,-2.9248,-39.9167,79.18,83,0,16.26,clear sky
142,Tofield,CA,53.3668,-112.6686,57.81,33,8,15.03,clear sky
143,Thompson,CA,55.7435,-97.8558,64.56,48,75,3.44,smoke
144,Constitución,CL,-35.3333,-72.4167,56.37,67,0,18.39,clear sky
145,Mahébourg,MU,-20.4081,57.7,72.25,83,40,11.5,scattered clouds
146,Kayerkan,RU,69.3497,87.7602,18.88,95,98,3.74,overcast clouds
147,Vung Tau,VN,10.346,107.0843,79.97,79,100,3.06,moderate rain
148,Voh,NC,-20.9667,164.7,82.36,64,12,5.48,few clouds
149,Kampot,KH,10.6167,104.1833,77.05,86,68,4.0,broken clouds
150,Maningrida,AU,-12.0667,134.2667,80.89,79,100,7.02,overcast clouds
151,Hokitika,NZ,-42.7167,170.9667,50.34,90,100,7.65,overcast clouds
152,Sainte-Suzanne,RE,-20.9061,55.6089,73.62,87,90,11.5,light rain
153,Chitral,PK,35.8462,71.7858,64.71,60,0,1.63,clear sky
154,Alofi,NU,-19.0595,-169.9187,76.89,88,74,14.97,light rain
155,Encheng,CN,22.1839,112.3026,74.7,96,86,3.51,overcast clouds
156,Codajás,BR,-3.8367,-62.0569,82.71,71,98,1.07,overcast clouds
157,Sobradinho,BR,-12.8333,-39.1,74.26,77,20,8.14,few clouds
158,Severodvinsk,RU,64.5635,39.8302,46.51,93,42,7.83,scattered clouds
159,Klaksvík,FO,62.2266,-6.589,49.12,88,100,26.96,overcast clouds
160,Ouango,CF,4.3133,22.5552,73.45,85,99,2.37,overcast clouds
161,Sambava,MG,-14.2667,50.1667,69.48,92,37,8.37,light rain
162,Kidal,ML,18.4411,1.4078,87.1,12,83,11.54,broken clouds
163,Port Hardy,CA,50.6996,-127.4199,50.18,76,75,9.22,light intensity shower rain
164,Faanui,PF,-16.4833,-151.75,78.78,72,34,9.66,scattered clouds
165,Norman Wells,CA,65.282,-126.8329,35.64,93,90,25.32,light rain and snow
166,Vangaindrano,MG,-23.35,47.6,68.54,94,25,6.58,scattered clouds
167,Bowen,AU,-20.0167,148.2333,75.42,84,15,9.22,few clouds
168,Sarangani,PH,5.4033,125.4636,80.98,82,100,12.75,overcast clouds
169,Dubai,AE,25.2582,55.3047,88.05,58,0,13.8,clear sky
170,Tekeli,KZ,44.83,78.8239,38.71,48,100,4.56,overcast clouds
171,Mildura,AU,-34.2,142.15,53.56,71,1,8.05,clear sky
172,Kathmandu,NP,27.7167,85.3167,68.22,94,75,2.3,broken clouds
173,Pevek,RU,69.7008,170.3133,24.42,91,100,5.03,overcast clouds
174,Westport,US,41.1415,-73.3579,75.34,65,75,3.0,broken clouds
175,Bonavista,CA,48.6499,-53.1147,55.11,88,92,11.61,overcast clouds
176,Vestmannaeyjar,IS,63.4427,-20.2734,46.63,80,78,6.91,broken clouds
177,Pisco,PE,-13.7,-76.2167,66.25,68,0,18.41,clear sky
178,Plouzané,FR,48.3833,-4.6167,55.58,85,0,11.5,clear sky
179,Narsaq,GL,60.9167,-46.05,41.22,65,0,4.68,clear sky
180,Talnakh,RU,69.4865,88.3972,17.33,97,97,0.58,overcast clouds
181,Camacha,PT,33.0833,-16.3333,71.53,88,40,8.05,scattered clouds
182,Lander,US,42.833,-108.7307,76.1,12,1,6.91,clear sky
183,Onega,RU,63.9061,38.1404,42.73,93,6,6.69,clear sky
184,Ojinaga,MX,29.5667,-104.4167,88.57,35,1,10.36,clear sky
185,Vila Velha,BR,-20.3297,-40.2925,78.75,83,0,18.41,clear sky
186,Hobyo,SO,5.3505,48.5268,78.28,88,43,18.07,scattered clouds
187,Buraidah,SA,26.326,43.975,84.65,13,8,7.83,clear sky
188,Butaritari,KI,3.0707,172.7902,82.42,68,89,18.77,overcast clouds
189,Broken Hill,AU,-31.95,141.4333,55.11,54,0,12.66,clear sky
190,Bridlington,GB,54.0831,-0.1919,53.89,80,1,17.81,clear sky
191,Kibala,TD,9.1104,18.3463,78.75,83,0,0.0,clear sky
192,Saskylakh,RU,71.9167,114.0833,17.04,92,99,11.77,overcast clouds
193,Nehe,CN,48.4833,124.8333,36.73,79,7,3.58,clear sky
194,Saryozek,KZ,44.3583,77.9753,43.92,41,100,2.3,overcast clouds
195,Port Lincoln,AU,-34.7333,135.8667,53.87,63,43,28.27,scattered clouds
196,Orlik,RU,52.5178,99.825,18.77,79,100,2.64,overcast clouds
197,Anadyr,RU,64.75,177.4833,37.9,93,40,11.01,mist
198,Port Elizabeth,ZA,-33.918,25.5701,54.1,76,4,6.58,clear sky
199,Lavumisa,SZ,-27.31,31.892,58.55,81,100,3.56,overcast clouds
200,Ntcheu,MW,-14.8203,34.6359,71.22,50,3,1.7,clear sky
201,Skjervøy,NO,70.0311,20.9714,52.45,68,100,27.6,overcast clouds
202,Vysokogornyy,RU,50.1167,139.15,34.75,90,82,3.29,broken clouds
203,Kalmar,SE,56.6616,16.3616,59.14,83,100,11.5,overcast clouds
204,Jakar,BT,27.5492,90.7525,55.04,97,100,0.74,overcast clouds
205,Lompoc,US,34.6391,-120.4579,95.14,51,1,13.8,clear sky
206,Gillette,US,44.2911,-105.5022,78.03,13,1,4.0,clear sky
207,Tezu,IN,27.9167,96.1667,73.09,99,100,1.68,overcast clouds
208,Ribeira Grande,PT,38.5167,-28.7,71.83,89,24,6.46,few clouds
209,San Francisco,US,37.7749,-122.4194,97.3,42,20,4.61,smoke
210,Fairbanks,US,64.8378,-147.7164,35.31,95,90,1.01,light snow
211,Maddūr,IN,12.6,77.0667,71.87,90,92,2.64,overcast clouds
212,Tabuk,PH,17.4189,121.4443,73.44,94,56,2.08,broken clouds
213,Cayenne,GF,4.9333,-52.3333,84.24,74,0,5.01,clear sky
214,Ust-Kuyga,RU,70.0167,135.6,14.27,96,73,3.91,broken clouds
215,Sisimiut,GL,66.9395,-53.6735,34.52,73,22,6.31,few clouds
216,Grand Island,US,40.925,-98.342,81.19,25,1,1.99,clear sky
217,Masindi,UG,1.6744,31.715,62.94,93,100,4.09,overcast clouds
218,Breves,BR,-1.6822,-50.4803,81.84,66,97,4.43,overcast clouds
219,Pathein,MM,16.7833,94.7333,76.89,93,99,1.95,overcast clouds
220,Chui,UY,-33.6971,-53.4616,52.88,66,81,11.45,broken clouds
221,Santa Maria,BR,-29.6842,-53.8069,67.3,77,75,2.3,light rain
222,Sorong,ID,-0.8833,131.25,77.52,87,100,10.4,overcast clouds
223,Umm Kaddadah,SD,13.6017,26.6876,89.53,19,100,12.21,overcast clouds
224,Hasaki,JP,35.7333,140.8333,66.6,80,0,10.02,clear sky
225,Chokurdakh,RU,70.6333,147.9167,22.1,96,98,8.99,light snow
226,Ledyard Center,US,41.4398,-72.0142,72.16,71,1,6.91,clear sky
227,Inuvik,CA,68.3499,-133.7218,34.81,93,75,13.8,mist
228,Ruteng,ID,-8.6136,120.4721,60.8,90,46,2.75,scattered clouds
229,Kodīnar,IN,20.7903,70.7031,79.03,86,39,7.09,scattered clouds
230,Rong Kwang,TH,18.339,100.3174,72.39,97,37,2.01,scattered clouds
231,Nyurba,RU,63.2842,118.3319,26.01,92,92,4.59,overcast clouds
232,Dingle,PH,10.9995,122.6711,75.4,94,100,4.52,moderate rain
233,Eenhana,NA,-17.4667,16.3333,67.75,16,0,7.36,clear sky
234,Nanortalik,GL,60.1432,-45.2371,38.73,82,0,5.28,clear sky
235,Trairi,BR,-3.2778,-39.2689,79.45,81,0,11.48,clear sky
236,Zlobin,HR,45.2924,14.6541,59.16,88,40,3.44,scattered clouds
237,Kumul,CN,42.8,93.45,45.88,34,0,2.59,clear sky
238,Acapulco de Juárez,MX,16.8634,-99.8901,87.62,70,1,8.05,clear sky
239,Nara,JP,34.6851,135.8049,70.97,77,2,1.7,clear sky
240,Havøysund,NO,70.9963,24.6622,52.68,72,100,35.66,overcast clouds
241,Hambantota,LK,6.1241,81.1185,79.14,100,40,4.61,scattered clouds
242,Touros,BR,-5.1989,-35.4608,81.5,74,6,14.83,clear sky
243,Bathsheba,BB,13.2167,-59.5167,86.61,66,20,21.85,few clouds
244,Pointe-Noire,CG,-4.7761,11.8635,77.07,88,75,4.61,broken clouds
245,Vao,NC,-22.6667,167.4833,72.36,89,3,4.25,clear sky
246,Piracanjuba,BR,-17.3028,-49.0167,84.45,40,91,4.23,overcast clouds
247,Feni,BD,23.0186,91.41,76.69,95,100,3.83,overcast clouds
248,Kalmunai,LK,7.4167,81.8167,79.2,85,100,4.23,moderate rain
249,Cherskiy,RU,68.75,161.3,17.76,97,94,2.75,overcast clouds
250,San Ramon,US,37.7799,-121.978,95.76,24,1,1.99,clear sky
251,Lufilufi,WS,-13.8745,-171.5986,85.78,76,15,21.05,light rain
252,Ola,RU,59.5833,151.2833,37.81,68,100,13.31,overcast clouds
253,Zamānia,IN,25.4333,83.5667,73.94,94,43,5.35,scattered clouds
254,Todos Santos,MX,23.45,-110.2167,88.39,72,76,7.96,broken clouds
255,Água Branca,BR,-5.8922,-42.6361,84.13,30,3,3.91,clear sky
256,Kesinga,IN,20.2,83.2333,75.85,90,97,2.51,overcast clouds
257,São Filipe,CV,14.8961,-24.4956,80.71,77,80,4.9,broken clouds
258,Magburaka,SL,8.7167,-11.95,74.52,95,98,1.19,overcast clouds
259,Tambopata,PE,-12.7333,-69.1833,94.89,46,20,6.91,few clouds
260,Shitanjing,CN,39.2342,106.3439,51.58,39,87,3.06,light rain
261,Oriximiná,BR,-1.7656,-55.8661,83.64,64,62,5.26,broken clouds
262,Dwārka,IN,22.2394,68.9678,81.84,83,13,9.95,few clouds
263,Saint-Leu,RE,-21.15,55.2833,72.46,74,1,3.18,clear sky
264,Lethem,GY,3.3803,-59.7968,82.15,71,98,7.11,overcast clouds
265,Nador,MA,35.174,-2.9287,73.47,68,0,16.11,clear sky
266,Manching,DE,48.7166,11.4939,62.83,76,98,11.5,overcast clouds
267,Hamilton,US,39.1834,-84.5333,72.73,85,1,1.01,clear sky
268,Snyder,US,32.7179,-100.9176,84.34,28,3,4.14,clear sky
269,Malé,MV,4.1748,73.5089,82.35,83,40,17.27,scattered clouds
270,Pasni,PK,25.2631,63.471,80.92,86,77,13.06,broken clouds
271,Teya,RU,60.3778,92.6267,32.61,98,100,2.55,light snow
272,Mount Darwin,ZW,-16.7725,31.5838,72.9,54,86,7.14,overcast clouds
273,Portland,US,45.5234,-122.6762,72.63,64,20,1.01,few clouds
274,Kashan,IR,33.9831,51.4364,72.16,33,0,5.1,clear sky
275,Mareeba,AU,-17.0,145.4333,81.32,85,11,2.06,few clouds
276,Chokwé,MZ,-24.5333,32.9833,65.77,83,98,11.56,overcast clouds
277,Rio Grande,BR,-32.035,-52.0986,62.71,75,100,16.89,overcast clouds
278,Arman',RU,59.7,150.1667,38.01,59,100,15.99,overcast clouds
279,Adrar,MR,20.5022,-10.0711,93.31,11,8,4.32,clear sky
280,Tiksi,RU,71.6872,128.8694,24.3,88,98,14.43,overcast clouds
281,Baraki Barak,AF,33.9675,68.9486,56.1,28,0,1.1,clear sky
282,Solwezi,ZM,-12.1688,26.3894,63.99,88,100,3.44,light rain
283,Caculé,BR,-14.5033,-42.2222,79.93,24,4,3.91,clear sky
284,Egvekinot,RU,66.3167,-179.1667,27.45,98,100,4.0,snow
285,Eilat,IL,29.5581,34.9482,78.64,53,0,16.11,clear sky
286,Makakilo City,US,21.3469,-158.0858,82.72,66,90,10.36,overcast clouds
287,Birin,NP,26.8865,88.0718,59.16,91,100,5.41,overcast clouds
288,Pochutla,MX,15.7432,-96.4661,91.22,68,35,5.28,scattered clouds
289,Châlons-en-Champagne,FR,48.9539,4.3672,54.18,93,100,5.88,overcast clouds
290,Uyuni,BO,-20.4597,-66.825,57.85,5,0,13.89,clear sky
291,Wanaka,NZ,-44.7,169.15,52.11,84,100,3.91,overcast clouds
292,Juneau,US,58.3019,-134.4197,44.22,93,90,6.91,light rain
293,Saint-François,FR,46.4154,3.9054,53.67,100,75,3.44,broken clouds
294,Victor Harbor,AU,-35.5667,138.6167,54.81,77,46,1.01,scattered clouds
295,Aklavik,CA,68.2191,-135.0107,34.63,96,100,16.67,overcast clouds
296,San Patricio,US,28.017,-97.5169,92.12,56,89,4.23,overcast clouds
297,Netanya,IL,32.3329,34.8599,75.22,69,3,5.84,clear sky
298,Provideniya,RU,64.3833,-173.3,32.11,69,75,6.71,broken clouds
299,Cabo San Lucas,MX,22.8909,-109.9124,88.9,65,20,9.22,few clouds
300,San Quintín,MX,30.4833,-115.95,78.58,46,100,11.25,overcast clouds
301,Hay River,CA,60.8156,-115.7999,53.58,32,75,12.66,broken clouds
302,Dikson,RU,73.5069,80.5464,34.86,98,100,23.98,light rain
303,Novopokrovka,UA,49.8425,36.5477,46.29,68,1,6.69,clear sky
304,Ribas do Rio Pardo,BR,-20.4431,-53.7592,90.16,34,63,8.86,broken clouds
305,Poum,NC,-20.2333,164.0167,75.29,84,0,8.88,clear sky
306,Berdigestyakh,RU,62.0989,126.6992,25.25,83,16,4.83,few clouds
307,Huarmey,PE,-10.0681,-78.1522,66.06,77,72,12.21,broken clouds
308,Miraflores,MX,19.2167,-98.8083,72.36,65,99,1.39,overcast clouds
309,Champerico,GT,14.3,-91.9167,88.34,72,24,7.36,few clouds
310,Awjilah,LY,29.1081,21.2869,73.2,44,0,5.97,clear sky
311,Lavrentiya,RU,65.5833,-171.0,27.32,67,14,1.63,few clouds
312,Gilgit,PK,35.9221,74.3087,68.36,57,11,4.43,few clouds
313,Bestöbe,KZ,52.4994,73.0975,34.21,98,100,14.85,light rain
314,Payo,ID,-3.7508,103.6372,72.46,95,100,2.01,light rain
315,Jurbarkas,LT,55.0778,22.7664,50.14,74,56,12.21,broken clouds
316,Kindersley,CA,51.4668,-109.1682,74.98,17,20,16.11,few clouds
317,Ambovombe,MG,-25.1667,46.0833,70.88,83,1,5.06,clear sky
318,Paragominas,BR,-2.9667,-47.4833,80.4,61,66,3.65,broken clouds
319,Aswān,EG,24.0934,32.907,79.9,31,0,11.5,clear sky
320,Sovetskiy,RU,61.3614,63.5842,28.06,79,13,4.5,few clouds
321,Antibes,FR,43.5624,7.1278,70.11,88,75,8.05,broken clouds
322,West Lafayette,US,40.4259,-86.9081,72.41,92,90,5.75,overcast clouds
323,Saint-Joseph,RE,-21.3667,55.6167,71.98,81,22,10.31,light rain
324,Souillac,MU,-20.5167,57.5167,72.36,83,40,11.5,scattered clouds
325,Lagoa,PT,39.05,-27.9833,70.66,93,29,11.68,scattered clouds
326,Kindu,CD,-2.95,25.95,67.39,99,86,1.36,overcast clouds
327,Bealanana,MG,-14.55,48.7333,58.24,95,47,2.64,scattered clouds
328,Lepe,ES,37.2548,-7.2043,64.11,49,70,17.2,broken clouds
329,Grenfell,AU,-33.9,148.1667,52.3,90,52,12.33,broken clouds
330,Cangzhou,CN,38.3167,116.8667,64.49,80,100,18.52,light rain
331,Les Cayes,HT,18.2,-73.75,79.79,79,100,8.12,overcast clouds
332,Singapore,SG,1.2897,103.8501,78.75,94,75,1.14,broken clouds
333,Uinskoye,RU,56.8817,56.5813,30.67,77,84,3.94,broken clouds
334,Burnie,AU,-41.0667,145.9167,55.92,95,100,14.7,light rain
335,Petropavlovsk-Kamchatskiy,RU,53.0452,158.6483,52.39,58,75,13.42,broken clouds
336,Aberdeen,GB,57.1437,-2.0981,51.82,78,84,6.91,broken clouds
337,Santa Marta,CO,11.2408,-74.199,84.85,77,88,10.49,overcast clouds
338,Pinega,RU,64.7001,43.3936,41.52,96,86,5.17,overcast clouds
339,Mercedes,AR,-34.6515,-59.4307,59.85,61,18,4.72,few clouds
340,Kloulklubed,PW,7.0419,134.2556,79.3,70,74,8.23,broken clouds
341,Lagos,NG,6.5833,3.75,76.12,93,68,3.27,moderate rain
342,Annonay,FR,45.2397,4.6708,53.82,97,100,6.87,overcast clouds
343,Hede,CN,33.7681,120.2517,69.58,89,87,9.31,light rain
344,Jarinu,BR,-23.1014,-46.7283,68.25,90,88,8.48,moderate rain
345,Gazli,UZ,40.1333,63.45,51.71,39,0,9.66,clear sky
346,Arraial do Cabo,BR,-22.9661,-42.0278,76.96,83,75,12.66,moderate rain
347,Nagato,JP,34.3833,131.2,73.2,77,2,18.3,clear sky
348,Luangwa,ZM,-15.6167,30.4167,85.17,36,76,2.19,broken clouds
349,Quatre Cocos,MU,-20.2078,57.7625,72.09,81,41,14.52,light rain
350,Clarence Town,AU,-32.5833,151.7833,69.82,50,26,5.35,scattered clouds
351,Shebunino,RU,46.4339,141.8603,55.06,82,85,15.14,light rain
352,Torbay,CA,47.6666,-52.7314,55.76,90,75,3.44,broken clouds
353,Meadow Lake,US,34.8014,-106.5436,77.29,30,69,6.89,broken clouds
354,Ternate,ID,0.8,127.4,80.69,80,99,6.26,overcast clouds
355,Xucheng,CN,20.35,110.1288,75.9,85,23,9.19,light rain
356,Pieve di Soligo,IT,45.9025,12.1772,67.59,92,59,4.99,broken clouds
357,Águas Formosas,BR,-17.0822,-40.9358,80.02,35,4,4.65,clear sky
358,Dalnegorsk,RU,44.5604,135.5701,54.14,93,100,3.06,light rain
359,Sitka,US,57.0531,-135.33,48.09,71,75,3.44,light rain
360,Changtu,CN,42.7788,124.0955,46.76,77,100,9.98,overcast clouds
361,Deputatsky,RU,69.3,139.9,13.64,93,93,6.06,overcast clouds
362,Totskoye,RU,52.5248,52.7623,47.19,80,100,6.06,overcast clouds
363,Pyn U Lwin,MM,22.0333,96.4667,63.95,95,66,1.97,broken clouds
364,Iqaluit,CA,63.7506,-68.5145,38.93,75,75,1.99,broken clouds
365,Hofn,IS,64.2539,-15.2082,47.48,77,100,20.15,overcast clouds
366,San Rafael,AR,-34.6177,-68.3301,63.25,12,0,9.89,clear sky
367,Davila,PH,18.4726,120.5763,78.78,81,86,17.43,overcast clouds
368,Mehamn,NO,71.0357,27.8492,53.51,72,100,32.17,overcast clouds
369,Poya,NC,-21.35,165.15,80.4,67,2,7.25,clear sky
370,George Town,MY,5.4112,100.3354,80.89,92,20,0.0,few clouds
371,Ponta Delgada,PT,37.7333,-25.6667,73.51,94,75,4.61,broken clouds
372,Andros Town,BS,24.7,-77.7667,84.16,68,13,12.75,few clouds
373,Eureka,US,40.8021,-124.1637,69.21,74,19,5.01,few clouds
374,Charlottetown,CA,46.2352,-63.1267,52.32,79,75,5.99,broken clouds
375,Zhuanghe,CN,39.7008,122.9911,67.3,92,100,14.61,light rain
376,Ouésso,CG,1.6136,16.0517,71.04,94,70,1.57,broken clouds
377,Natá,PA,8.3333,-80.5167,85.87,83,100,3.33,overcast clouds
378,College,US,64.8569,-147.8028,35.29,95,75,4.61,light snow
379,Tanabe,JP,33.7333,135.3667,72.07,83,16,5.86,few clouds
380,Salta,AR,-24.7859,-65.4117,52.09,78,90,1.99,overcast clouds
381,Vincennes,FR,48.85,2.4333,55.96,83,0,1.99,clear sky
382,Omboué,GA,-1.5746,9.2618,76.55,84,100,7.27,overcast clouds
383,Berlevåg,NO,70.8578,29.0864,53.55,58,0,44.87,clear sky
384,Rome,US,43.2128,-75.4557,65.12,94,90,6.91,overcast clouds
385,Maxixe,MZ,-23.8597,35.3472,71.73,93,100,7.31,overcast clouds
386,St Albans,GB,51.75,-0.3333,53.4,91,0,9.22,clear sky
387,Lorengau,PG,-2.0226,147.2712,82.18,75,93,5.26,overcast clouds
388,Wukari,NG,7.85,9.7833,75.97,87,47,5.44,scattered clouds
389,Matamoros,MX,25.5333,-103.25,82.51,47,90,11.5,overcast clouds
390,San Cristobal,VE,7.7669,-72.225,78.98,69,49,4.14,scattered clouds
391,Dois Irmãos,BR,-29.5803,-51.0853,69.31,99,100,2.37,overcast clouds
392,Naberera,TZ,-4.2,36.9333,62.92,75,86,6.6,overcast clouds
393,Zhezkazgan,KZ,47.8043,67.7144,42.39,81,98,9.42,overcast clouds
394,Sur,OM,22.5667,59.5289,82.53,78,99,15.3,overcast clouds
395,Talara,PE,-4.5772,-81.2719,72.36,64,0,19.57,clear sky
396,Muravlenko,RU,63.7898,74.523,25.75,87,65,7.56,broken clouds
397,Bandundu Province,CD,-3.3167,17.3667,73.87,93,100,3.67,moderate rain
398,West Bay,KY,19.3667,-81.4167,86.0,80,40,1.01,scattered clouds
399,Morondava,MG,-20.2833,44.2833,75.81,80,3,3.4,clear sky
400,Oistins,BB,13.0667,-59.5333,86.09,66,20,21.85,few clouds
401,Mananjary,MG,-21.2167,48.3333,70.47,86,7,9.73,clear sky
402,Okhotsk,RU,59.3833,143.3,32.95,69,4,22.7,clear sky
403,Ketchikan,US,55.3422,-131.6461,45.07,76,75,12.66,light rain
404,Samarinda,ID,-0.5,117.15,73.22,99,100,2.39,heavy intensity rain
405,Lebu,CL,-37.6167,-73.65,50.59,74,0,20.89,clear sky
406,Departamento de Maldonado,UY,-34.6667,-54.9167,54.79,68,74,7.63,broken clouds
407,Rudnya,RU,54.947,31.0934,44.85,81,100,7.76,light rain
408,Ürümqi,CN,43.801,87.6005,38.35,75,0,2.24,clear sky
409,Nemuro,JP,43.3236,145.575,62.22,84,96,30.76,overcast clouds
410,Olinda,BR,-8.0089,-34.8553,80.33,78,75,5.75,broken clouds
411,Zhigansk,RU,66.7697,123.3711,25.41,86,98,6.17,overcast clouds
412,Auki,SB,-8.7676,160.7034,81.81,78,14,2.71,few clouds
413,Xam Nua,LA,20.4197,104.0439,64.63,100,91,1.72,overcast clouds
414,Mizdah,LY,31.4451,12.9801,69.01,62,2,9.46,clear sky
415,Porto Walter,BR,-8.2686,-72.7439,89.94,48,72,2.93,broken clouds
416,Whitehorse,CA,60.7161,-135.0538,39.09,85,90,3.0,light shower snow
417,Sidi Ali,DZ,36.0998,0.4206,68.97,64,46,13.42,scattered clouds
418,Grand Gaube,MU,-20.0064,57.6608,72.37,73,25,8.01,light rain
419,Labuhan,ID,-6.8844,112.2051,77.94,75,100,12.66,overcast clouds
420,Sheoganj,IN,25.15,73.0667,78.55,76,5,5.64,clear sky
421,Acajutla,SV,13.5928,-89.8275,97.14,70,42,4.29,scattered clouds
422,Havre-St-Pierre,CA,50.2334,-63.5986,52.16,66,90,6.91,overcast clouds
423,Yerbogachën,RU,61.2767,108.0108,32.67,85,100,4.47,overcast clouds
424,Raja,SS,8.4596,25.678,70.86,90,70,3.87,broken clouds
425,Hamadan,IR,34.7992,48.5146,59.81,41,0,4.18,clear sky
426,La Plata,AR,-34.9215,-57.9545,60.98,46,49,6.73,scattered clouds
427,Maragogi,BR,-9.0122,-35.2225,76.19,83,10,9.42,clear sky
428,Duekoué,CI,6.7472,-7.3496,73.0,94,7,1.1,clear sky
429,Port Pirie,AU,-33.1833,138.0167,53.69,67,6,17.74,clear sky
430,Nishihara,JP,26.1842,127.7558,80.26,65,20,10.36,few clouds
431,Rørvik,NO,64.8621,11.2373,57.31,82,75,9.22,broken clouds
432,Tazmalt,DZ,36.3868,4.3989,75.2,43,6,1.81,clear sky
433,Pati,ID,-6.7559,111.038,75.4,79,98,5.06,overcast clouds
434,Catalão,BR,-18.1658,-47.9464,81.34,38,72,4.68,broken clouds
435,Al Bardīyah,LY,31.7561,25.0865,70.03,65,0,6.26,clear sky
436,Leningradskiy,RU,69.3833,178.4167,19.29,83,66,4.0,broken clouds
437,Okakarara,NA,-20.5833,17.4333,60.06,10,0,3.4,clear sky
438,Hirara,JP,24.8,125.2833,82.92,73,6,20.78,clear sky
439,Conde,BR,-7.2597,-34.9075,78.26,78,20,9.22,few clouds
440,Visnes,NO,59.3556,5.2242,56.57,87,75,29.93,broken clouds
441,Takoradze,GH,4.8845,-1.7554,77.52,91,100,7.94,overcast clouds
442,Amlamé,TG,7.4667,0.9,73.42,95,98,1.41,moderate rain
443,Yabrūd,SY,33.9674,36.6574,55.06,58,0,2.42,clear sky
444,Ilulissat,GL,69.2167,-51.1,28.42,64,99,2.3,overcast clouds
445,Gayny,RU,60.3071,54.3241,28.92,83,26,1.68,scattered clouds
446,Guadalupe y Calvo,MX,26.1,-106.9667,60.69,72,100,3.53,overcast clouds
447,Yumen,CN,40.2833,97.2,40.42,45,90,9.55,overcast clouds
448,Fowa,NG,8.9167,6.4,76.86,81,42,2.57,scattered clouds
449,Sarakhs,IR,36.5449,61.1577,51.94,37,0,2.3,clear sky
450,Lakatoro,VU,-16.0999,167.4164,81.0,77,10,6.4,clear sky
451,Zabul Province,AF,32.25,67.25,55.87,28,0,8.99,clear sky
452,Viedma,AR,-40.8135,-62.9967,54.07,33,2,5.99,clear sky
453,Bārsi,IN,18.2333,75.7,80.01,76,95,3.11,overcast clouds
454,Nasīrābād,IN,26.3,74.7333,77.85,75,9,8.66,clear sky
455,Two Hills,CA,53.7169,-111.7518,59.88,38,20,21.85,few clouds
456,Mbandaka,CD,0.0487,18.2603,71.22,98,99,3.69,moderate rain
457,Mayo,US,38.8876,-76.5119,84.22,81,1,1.01,clear sky
458,Colomi,BO,-17.35,-65.8667,71.62,79,50,8.21,scattered clouds
459,Severomuysk,RU,56.1481,113.4267,16.32,94,73,4.23,broken clouds
460,Ancud,CL,-41.8697,-73.8203,51.33,75,82,8.41,broken clouds
461,Chul'man,RU,56.8479,124.9104,19.63,99,71,2.44,broken clouds
462,Jizan,SA,17.3333,42.6667,85.14,65,95,7.76,overcast clouds
463,Yantal',RU,56.8471,105.2542,33.24,90,100,1.03,overcast clouds
464,Antsohihy,MG,-14.8796,47.9875,71.8,78,18,1.74,few clouds
465,Byron Bay,AU,-28.65,153.6167,76.05,49,29,11.43,scattered clouds
466,Dunedin,NZ,-45.8742,170.5036,46.69,91,100,14.07,overcast clouds
467,Puerto del Rosario,ES,28.5004,-13.8627,73.15,73,20,17.27,few clouds
468,Lyskovo,RU,56.0328,45.0422,44.33,91,100,3.51,overcast clouds
469,Merauke,ID,-8.4667,140.3333,78.48,75,93,2.77,overcast clouds
470,Mossamedes,AO,-15.1961,12.1522,60.93,87,41,6.29,scattered clouds
471,Mogadishu,SO,2.0371,45.3438,78.19,84,44,15.05,scattered clouds
472,Luoyang,CN,34.6836,112.4536,70.21,94,100,14.27,light rain
473,Lata,PT,40.1629,-8.3327,58.82,84,52,0.87,broken clouds
474,Vyshneve,UA,50.3891,30.3705,48.06,62,0,4.47,clear sky
475,Batagay-Alyta,RU,67.8006,130.4114,15.13,93,38,0.38,scattered clouds
476,Uyskoye,RU,54.3775,60.0047,29.01,84,21,5.7,few clouds
477,Sioux Lookout,CA,50.1001,-91.917,62.98,63,75,3.44,broken clouds
478,Vetluzhskiy,RU,58.3902,45.4654,43.72,90,100,2.73,overcast clouds
479,Naze,JP,28.3667,129.4833,77.07,64,1,18.63,clear sky
480,Glace Bay,CA,46.1969,-59.957,54.68,90,75,3.0,broken clouds
481,Faya,SA,18.3851,42.4509,62.71,43,73,0.87,broken clouds
482,Mátranovák,HU,48.0381,19.9826,52.86,59,5,3.85,clear sky
483,Estância,BR,-11.2683,-37.4383,80.08,90,8,4.5,clear sky
484,Chapais,CA,49.7834,-74.8492,55.18,59,3,4.74,clear sky
485,Malpe,IN,13.35,74.7167,78.1,93,77,4.21,broken clouds
486,Caravelas,BR,-17.7125,-39.2481,76.28,79,6,13.6,clear sky
487,Manzhouli,CN,49.6,117.4333,35.11,67,71,6.71,broken clouds
488,Khandyga,RU,62.6667,135.6,25.95,92,7,2.77,clear sky
489,Makungu,TZ,-8.7333,35.2833,61.03,68,62,2.62,broken clouds
490,Arrecife,ES,28.963,-13.5477,73.47,73,20,9.22,few clouds
491,Mahajanga,MG,-15.7167,46.3167,71.62,83,20,2.3,few clouds
492,Ixtapa,MX,20.7,-105.2,88.23,70,20,10.36,few clouds
493,Arlit,NE,18.7369,7.3853,88.23,13,0,8.66,clear sky
494,Pittsfield,US,42.4501,-73.2454,65.35,85,90,3.44,moderate rain
495,Bambous Virieux,MU,-20.3428,57.7575,72.21,83,40,11.5,scattered clouds
496,Rosehearty,GB,57.697,-2.1132,51.89,70,100,19.15,overcast clouds
497,Flinders,AU,-34.5833,150.8552,65.05,56,52,5.14,broken clouds
498,Morgan City,US,29.6994,-91.2068,86.0,78,75,6.91,broken clouds
499,Kuytun,RU,54.3419,101.5036,29.62,93,82,2.24,broken clouds
500,Maltahöhe,NA,-24.8333,16.9833,58.37,22,37,12.37,scattered clouds
501,Effingham County,US,32.3669,-81.3332,86.18,73,20,1.41,few clouds
502,Morant Bay,JM,17.8815,-76.4093,82.02,79,52,8.16,broken clouds
503,Languyan,PH,5.2618,120.0807,80.13,83,100,5.44,overcast clouds
504,Port Macquarie,AU,-31.4333,152.9167,58.96,49,82,7.31,broken clouds
505,Jieshi,CN,22.8134,115.8257,79.11,77,62,15.35,broken clouds
506,Bonthe,SL,7.5264,-12.505,78.67,86,100,3.96,overcast clouds
507,Devils Lake,US,48.1128,-98.8651,75.94,37,1,8.01,clear sky
508,Jeremoabo,BR,-10.075,-38.4808,77.58,58,3,13.6,clear sky
509,Rocha,UY,-34.4833,-54.3333,49.21,71,68,9.75,broken clouds
510,Chornukhy,UA,50.2673,32.942,45.0,60,1,7.34,clear sky
511,Thaba-Tseka,LS,-29.522,28.6084,43.02,51,0,2.46,clear sky
512,Collie,AU,-33.3667,116.15,42.39,86,17,3.89,few clouds
513,Chicama,PE,-7.8447,-79.1469,63.14,68,45,9.46,scattered clouds
514,Shenjiamen,CN,29.9576,122.298,77.38,89,2,13.13,clear sky
515,Vostok,RU,46.4856,135.8833,43.11,96,100,3.56,overcast clouds
516,Qaryat Sulūq,LY,31.6682,20.2521,71.51,54,0,7.67,clear sky
517,Sun Valley,US,39.5963,-119.776,84.04,11,1,1.01,smoke
518,Savannah Bight,HN,16.45,-85.85,87.85,73,23,11.9,few clouds
519,North Bend,US,43.4065,-124.2243,76.24,70,1,19.57,clear sky
520,Karratha,AU,-20.7377,116.8463,68.41,63,0,4.52,clear sky
521,Mackay,AU,-21.15,149.2,75.69,94,75,1.14,broken clouds
522,Plettenberg Bay,ZA,-34.0527,23.3716,50.86,84,26,7.25,light rain
523,Hualmay,PE,-11.0964,-77.6139,64.98,76,50,9.71,scattered clouds
524,Northam,GB,51.0333,-4.2167,56.01,90,19,13.62,light rain
525,Solnechnyy,RU,50.7214,136.6319,36.3,63,2,4.14,clear sky
526,Zaysan,KZ,47.4667,84.8667,39.74,61,99,0.45,overcast clouds
527,Cardston,CA,49.2,-113.3019,70.09,22,4,13.8,clear sky
528,Bela,IN,25.9333,81.9833,78.78,85,40,5.93,heavy intensity rain
529,Chernyshevskiy,RU,63.0128,112.4714,30.04,98,100,4.09,overcast clouds
530,Husavik,IS,66.0449,-17.3389,42.71,98,100,21.79,overcast clouds
531,Salalah,OM,17.0151,54.0924,80.69,89,75,6.91,broken clouds
532,Chapleau,CA,47.8405,-83.4034,57.29,94,90,9.22,overcast clouds
533,Little Current,CA,45.9793,-81.9248,60.89,93,100,13.78,overcast clouds
534,Yulara,AU,-25.2406,130.9889,51.64,40,0,6.91,clear sky
535,Gatton,AU,-27.55,152.2833,82.63,30,1,6.35,clear sky
536,Sept-Îles,CA,50.2001,-66.3821,52.32,67,20,8.01,few clouds
537,Coquimbo,CL,-29.9533,-71.3436,60.53,63,0,16.11,clear sky
538,Akureyri,IS,65.6835,-18.0878,42.73,87,90,13.8,overcast clouds
539,Margate,GB,51.3813,1.3862,55.04,83,0,1.99,clear sky
540,Luancheng,CN,37.8792,114.6517,64.56,87,100,12.66,overcast clouds
541,Gravelbourg,CA,49.8834,-106.5512,77.27,15,6,14.54,clear sky
542,Yamada,JP,39.4667,141.95,64.56,79,2,7.0,clear sky
543,Mount Gambier,AU,-37.8333,140.7667,49.91,87,40,11.5,scattered clouds
544,Brae,GB,60.3964,-1.353,51.71,82,100,34.92,overcast clouds
545,Ballina,AU,-28.8667,153.5667,60.98,88,27,1.14,scattered clouds
546,Panama City,PA,8.9936,-79.5197,85.95,74,40,12.66,scattered clouds
547,Vinh Yen,VN,21.31,105.5967,78.75,92,18,2.71,few clouds
548,Cirebon,ID,-6.7063,108.557,78.73,71,98,6.06,overcast clouds
549,Agadir,MA,30.4202,-9.5982,68.45,78,96,6.06,overcast clouds
550,Baykit,RU,61.67,96.37,34.16,94,98,1.21,overcast clouds
551,Bontang,ID,0.1333,117.5,77.31,88,100,8.28,moderate rain
552,Mount Isa,AU,-20.7333,139.5,73.17,27,25,9.22,scattered clouds
553,Guánica,PR,17.9716,-66.908,87.26,73,97,4.0,overcast clouds
554,Kaabong,UG,3.4836,34.1492,68.67,70,57,3.29,light rain
555,Casablanca,MA,33.5928,-7.6192,69.33,77,60,8.99,broken clouds
556,Narón,ES,43.5167,-8.1528,58.66,87,79,7.2,broken clouds
557,Zhenlai,CN,45.8495,123.2973,46.78,73,100,8.39,overcast clouds
558,Coahuayana Viejo,MX,18.7333,-103.6833,89.08,63,91,5.82,overcast clouds
559,Yangi Marg`ilon,UZ,40.4272,71.7189,56.12,71,97,6.91,overcast clouds
560,Shaowu,CN,27.3409,117.4831,65.89,92,0,3.33,clear sky
561,Forsytheganj,BY,52.6333,29.7333,44.38,75,78,7.31,broken clouds
562,Chumikan,RU,54.7183,135.315,35.64,71,77,12.71,broken clouds
563,Kavieng,PG,-2.5744,150.7967,82.63,71,100,5.26,overcast clouds
564,Necochea,AR,-38.5473,-58.7368,51.04,70,4,9.75,clear sky
565,Ocampo,MX,21.65,-101.5,65.95,57,100,10.76,overcast clouds
566,Laguna,US,38.421,-121.4238,93.42,22,1,1.01,clear sky
567,Lyngdal,NO,58.1376,7.07,57.88,75,81,17.02,broken clouds
568,La Maddalena,IT,41.2142,9.4083,73.56,78,75,10.51,broken clouds
569,Riachão das Neves,BR,-11.7461,-44.91,85.5,24,8,5.68,clear sky
570,Ca Mau,VN,9.1769,105.15,76.12,93,100,3.65,overcast clouds
571,Ambilobe,MG,-13.2,49.05,67.91,83,9,3.47,clear sky
572,Acandí,CO,8.5063,-77.2778,80.92,91,100,5.86,overcast clouds
573,Boa Vista,BR,2.8197,-60.6733,91.38,49,40,11.5,scattered clouds
574,Marzuq,YE,14.4,46.4667,76.44,58,95,8.93,overcast clouds
575,Xylaganí,GR,40.9833,25.4167,58.39,61,19,6.06,few clouds
576,Vilyuysk,RU,63.7553,121.6247,26.1,85,100,4.0,overcast clouds
577,Deggendorf,DE,48.8333,12.9667,62.2,71,83,2.01,broken clouds
578,Coutances,FR,49.05,-1.4333,59.16,92,4,11.05,clear sky
579,Laguna de Perlas,NI,12.3429,-83.6712,86.09,80,56,8.14,broken clouds
580,Taltal,CL,-25.4,-70.4833,62.42,69,17,6.6,few clouds
581,Vizinga,RU,61.0749,50.1031,31.78,90,26,2.48,scattered clouds
582,Ulkan,RU,57.243,107.3223,34.09,98,100,1.1,overcast clouds
583,Muros,ES,42.7762,-9.0603,60.84,93,78,3.98,broken clouds
584,Pimentel,PE,-6.8367,-79.9342,68.29,64,0,24.16,clear sky
585,Villanueva de la Serena,ES,38.9766,-5.7974,58.82,46,2,7.72,clear sky
586,Mitchell,US,43.7094,-98.0298,80.58,25,1,3.0,clear sky
587,Puerto Baquerizo Moreno,EC,-0.9,-89.6,72.59,78,75,17.27,broken clouds
588,Alexandria,EG,31.2156,29.9553,84.16,45,40,9.22,scattered clouds
589,Aksarka,RU,66.5606,67.7975,29.07,79,93,9.98,overcast clouds
590,Sivas Province,TR,39.7916,37.0019,43.43,100,40,9.22,scattered clouds
591,Bubaque,GW,11.2833,-15.8333,82.27,72,88,2.04,overcast clouds
592,Iracoubo,GF,5.4802,-53.2011,81.68,74,19,11.65,few clouds
593,Chifeng,CN,42.2683,118.9636,48.49,62,100,4.92,overcast clouds
594,Penzance,GB,50.1186,-5.5371,54.28,76,94,23.11,light rain
595,Brazzaville,CG,-4.2658,15.2832,79.16,78,20,2.3,few clouds
596,Tevriz,RU,57.509,72.4042,30.67,91,95,6.91,overcast clouds
597,Ambunti,PG,-4.2365,142.8448,77.81,92,62,1.05,broken clouds
598,Miyako,JP,39.6367,141.9525,64.58,73,1,7.31,clear sky
599,Cuamba,MZ,-14.8031,36.5372,77.47,40,14,3.24,few clouds
600,Halvad,IN,23.0167,71.1833,80.53,86,7,8.57,clear sky
601,Ushirombo,TZ,-3.4919,31.9639,69.17,70,72,6.06,broken clouds
602,Sawtell,AU,-30.3833,153.1,71.62,43,44,5.75,scattered clouds
603,Farsø,DK,56.7728,9.3393,53.73,88,100,13.02,overcast clouds
604,Port Blair,IN,11.6667,92.75,80.11,82,24,7.07,few clouds
605,Qaqortoq,GL,60.7167,-46.0333,41.5,75,0,8.68,clear sky
606,Amalfi,CO,6.9102,-75.0776,66.06,96,98,1.83,light rain
607,Karasjok,NO,69.4719,25.5112,50.11,83,100,17.85,light rain
608,Tessalit,ML,20.1986,1.0114,87.6,13,99,11.48,overcast clouds
609,Matara,LK,5.9485,80.5353,77.14,89,88,7.38,overcast clouds
610,Borba,BR,-4.3878,-59.5939,84.29,61,100,0.54,overcast clouds
611,Fortuna Foothills,US,32.6578,-114.4119,98.22,13,1,3.0,clear sky
612,Tadine,NC,-21.55,167.8833,77.02,82,41,2.04,scattered clouds
613,Pamplona,ES,42.8169,-1.6432,53.51,78,75,6.91,broken clouds
614,Kahului,US,20.8947,-156.47,87.06,71,40,25.32,scattered clouds
615,Verkhoyansk,RU,67.5447,133.385,21.76,92,54,3.24,broken clouds
616,Porto-Novo,BJ,6.4965,2.6036,82.22,88,48,4.79,light rain
617,Novaci,RO,45.1833,23.6667,45.91,61,37,3.87,scattered clouds
618,Avera,US,33.194,-82.5271,84.07,52,95,1.83,overcast clouds
619,Taft,IR,31.7471,54.2088,66.15,26,0,6.91,clear sky
620,Dogondoutchi,NE,13.6393,4.0287,91.29,31,1,7.94,clear sky
621,Upata,VE,8.0086,-62.3989,79.2,90,99,4.41,overcast clouds
622,Vinh,VN,18.6667,105.6667,75.25,92,32,4.5,scattered clouds
623,Along,IN,28.1667,94.7667,70.79,99,100,1.19,overcast clouds
624,Sonqor,IR,34.7837,47.6004,58.01,25,0,3.6,clear sky
625,Rancho Palos Verdes,US,33.7445,-118.387,99.93,59,1,3.0,clear sky
626,Hervey Bay,AU,-25.2986,152.8535,78.04,88,9,17.49,clear sky
627,San Miguel de Tucumán,AR,-26.8241,-65.2226,60.8,39,100,5.75,overcast clouds
628,Adeje,ES,28.1227,-16.726,72.01,59,20,1.01,few clouds
629,Krasnosel'kup,RU,65.7,82.4667,20.52,88,38,9.46,scattered clouds
630,São João da Barra,BR,-21.6403,-41.0511,78.89,83,5,23.94,clear sky
631,Los Algarrobos,PA,8.5,-82.4333,83.46,88,40,5.75,scattered clouds
632,Kang,BW,-23.6752,22.7876,55.0,21,0,8.01,clear sky
633,Caraşova,RO,45.1986,21.87,60.71,52,43,7.09,scattered clouds
634,Sabang,ID,5.8933,95.3214,81.61,76,41,15.12,scattered clouds
635,Kaeo,NZ,-35.1,173.7833,63.32,97,100,8.21,moderate rain
636,Ferkessédougou,CI,9.6,-5.2,75.58,82,54,3.96,light rain
637,Garoowe,SO,8.4054,48.4845,75.65,75,84,16.28,broken clouds
638,Pelym,RU,61.0108,61.9978,27.21,90,12,4.29,few clouds
639,Walvis Bay,NA,-22.9575,14.5053,54.09,87,0,6.91,clear sky
640,Fort Nelson,CA,58.8053,-122.7002,49.59,34,75,13.8,broken clouds
641,Chudniv,UA,50.052,28.1175,44.89,62,29,8.52,scattered clouds
642,América Dourada,BR,-11.4553,-41.4361,75.67,47,3,5.01,clear sky
643,Kroya,ID,-7.6331,109.2461,75.92,83,85,5.53,overcast clouds
644,La Crosse,US,43.8014,-91.2396,69.73,79,90,4.0,overcast clouds
645,Nouakchott,MR,18.0858,-15.9785,82.33,79,2,12.91,clear sky
646,Ginir,ET,7.1333,40.7,59.61,83,100,3.85,overcast clouds
647,Eyl,SO,7.9803,49.8164,77.79,85,58,15.41,broken clouds
648,Santa Cruz de la Sierra,BO,-17.8,-63.1667,92.66,49,40,13.8,scattered clouds
649,Isla Vista,US,34.4133,-119.861,96.35,24,1,8.05,clear sky
650,Tornio,FI,65.8481,24.1466,51.82,82,100,21.54,overcast clouds
651,Marand,IR,38.4329,45.7749,66.54,42,3,7.38,clear sky
652,Carutapera,BR,-1.195,-46.02,79.99,77,100,9.22,overcast clouds
653,Tautira,PF,-17.7333,-149.15,82.42,75,16,9.62,few clouds
654,Mumford,GH,5.2618,-0.759,78.17,90,63,10.29,broken clouds
655,Oktyabr'skiy,RU,54.4815,53.471,41.99,69,93,4.68,overcast clouds
656,Colares,PT,38.7992,-9.4469,62.29,68,0,8.99,clear sky
657,Kailua,US,21.4022,-157.7394,84.18,69,40,14.97,scattered clouds
658,Grants,US,35.1473,-107.8514,68.5,30,66,4.54,broken clouds
659,Dhidhdhoo,MV,6.8833,73.1,81.99,79,81,15.95,broken clouds
660,Labytnangi,RU,66.6572,66.4183,29.23,79,98,7.43,overcast clouds
661,Antalaha,MG,-14.9003,50.2788,68.76,89,33,5.28,light rain
662,Atar,MR,20.5169,-13.0499,94.44,9,28,8.5,scattered clouds
663,Ushtobe,KZ,45.2514,77.9838,45.97,39,100,3.71,overcast clouds
664,Korla,CN,41.7597,86.1469,47.39,29,40,3.24,scattered clouds
665,Benguela,AO,-12.5763,13.4055,72.45,77,95,1.7,overcast clouds
666,Kisangani,CD,0.5167,25.2,69.39,98,88,2.48,overcast clouds
667,Rabat,MA,33.9911,-6.8401,68.07,94,90,3.44,overcast clouds
668,Suntar,RU,62.1444,117.6319,27.77,90,96,3.94,overcast clouds
669,Rio Branco,BR,-9.9747,-67.81,93.81,49,40,5.75,scattered clouds
670,Kemijärvi,FI,66.7131,27.4306,46.18,83,100,13.15,overcast clouds
671,Goderich,CA,43.7501,-81.7165,71.2,94,98,2.3,light rain
672,Kachīry,KZ,53.0675,76.1036,35.6,87,100,4.81,overcast clouds
673,Quime,BO,-16.9833,-67.2167,58.21,75,82,8.25,broken clouds
674,Salima,MW,-13.7804,34.4587,78.1,50,1,2.04,clear sky
675,Grindavik,IS,63.8424,-22.4338,48.15,87,0,18.41,clear sky
676,General Elizardo Aquino,PY,-24.4333,-56.7,70.32,97,92,7.52,overcast clouds
677,Río Gallegos,AR,-51.6226,-69.2181,53.65,32,75,40.29,broken clouds
678,Novy Urengoy,RU,66.0833,76.6333,31.68,81,100,7.67,overcast clouds
679,Moree,AU,-29.4667,149.85,64.42,55,2,9.22,clear sky
680,Rapid Valley,US,44.0625,-103.1463,82.65,17,1,1.99,clear sky
681,Ambulu,ID,-8.345,113.6058,74.25,88,60,1.07,broken clouds
682,Gardez,AF,33.5974,69.2259,52.27,37,0,1.57,clear sky
683,Ankazoabo,MG,-22.2833,44.5167,71.58,74,31,5.44,scattered clouds
684,Linqiong,CN,30.4159,103.4609,76.82,91,73,6.69,broken clouds
685,Dudinka,RU,69.4058,86.1778,20.91,94,98,3.96,overcast clouds
686,Verkhnyaya Inta,RU,65.9811,60.3094,30.38,89,90,7.36,overcast clouds
687,Mandalgovi,MN,45.7625,106.2708,32.59,53,9,2.35,clear sky
688,Saint-Pierre,RE,-21.3393,55.4781,73.08,68,90,3.44,overcast clouds
689,Gigmoto,PH,13.7796,124.39,81.05,87,100,15.86,light rain
690,Christchurch,NZ,-43.5333,172.6333,53.91,90,75,5.01,moderate rain
691,Pimenta Bueno,BR,-11.6725,-61.1936,85.12,53,82,5.03,broken clouds
692,Puerto Colombia,CO,10.9878,-74.9547,84.29,77,100,11.12,overcast clouds
693,Coihueco,CL,-36.6167,-71.8333,59.74,44,0,17.27,clear sky
694,Afareaitu,PF,-17.55,-149.7833,82.42,74,40,5.75,scattered clouds
695,Padang,ID,-0.9492,100.3543,76.53,87,94,2.86,overcast clouds
696,Waingapu,ID,-9.6567,120.2641,74.68,81,64,5.06,broken clouds
697,South Lake Tahoe,US,38.9332,-119.9844,77.63,22,1,8.05,clear sky
698,Oliveira,BR,-20.6964,-44.8272,71.31,75,70,4.34,broken clouds
699,Chongwe,ZM,-15.3292,28.682,75.76,44,93,1.25,overcast clouds
700,Sirte,LY,31.2089,16.5887,76.14,64,0,13.27,clear sky
701,Suamico,US,44.6319,-88.0393,68.77,94,90,1.01,overcast clouds
702,La Libertad,EC,-2.2333,-80.9,73.06,73,40,10.36,scattered clouds
703,Dali,CN,25.7,100.1833,60.94,95,72,3.76,broken clouds
704,Kungurtug,RU,50.5994,97.5228,24.31,76,70,0.72,broken clouds
705,Tiznit Province,MA,29.5833,-9.5,62.29,82,91,4.36,overcast clouds
706,Izhmorskiy,RU,56.194,86.6414,33.03,89,100,7.29,overcast clouds
707,Abonnema,NG,4.7084,6.7931,76.89,90,97,4.56,overcast clouds
